"Freq [Hz]","Phase [deg]","Distance [mm]","Mag_H [kA_per_meter]"
10,0,0,0.0532357345635765
10,0,0.333333333333333,0.233781165371937
10,0,0.666666666666667,0.445426029825976
10,0,1,0.658698389204035
10,0,1.33333333333333,0.875725302419388
10,0,1.66666666666667,1.09601719329031
10,0,2,1.31875099770057
10,0,2.33333333333333,1.54313009227042
10,0,2.66666666666667,1.78582539652843
10,0,3,2.01276829030714
10,0,3.33333333333333,2.23196562619724
10,0,3.66666666666667,2.46311176538319
10,0,4,2.68432596254815
10,0,4.33333333333333,2.9046012261268
10,0,4.66666666666667,3.1236322888964
10,0,5,3.34116571003975
10,0,5.33333333333333,2.99423710352207
10,0,5.66666666666667,2.85615007822835
10,0,6,2.72375421939496
10,0,6.33333333333333,2.59704829561213
10,0,6.66666666666667,2.47603146051662
10,0,7,2.36070325279166
10,0,7.33333333333333,2.25106359616702
10,0,7.66666666666667,2.14711279941898
10,0,8,2.04885155637034
10,0,8.33333333333333,1.9562809458904
10,0,8.66666666666667,1.86940243189498
10,0,9,1.78821786334643
10,0,9.33333333333333,1.71272947425359
10,0,9.66666666666667,1.64293988367183
10,0,10,1.57885209570301
10,0,10.3333333333333,1.52046949949555
10,0,10.6666666666667,1.46779586924434
10,0,11,1.4208353641908
10,0,11.3333333333333,1.37959252862288
10,0,11.6666666666667,1.33939305232905
10,0,12,1.30009673654939
10,0,12.3333333333333,1.26202204406479
10,0,12.6666666666667,1.22518646222772
10,0,13,1.18961133123798
10,0,13.3333333333333,1.15814054693962
10,0,13.6666666666667,1.13216084953593
10,0,14,1.10688163092297
10,0,14.3333333333333,1.08365248455694
10,0,14.6666666666667,1.06351310047353
10,0,15,1.04363514934286
10,0,15.3333333333333,1.02482710569516
10,0,15.6666666666667,1.00848643100761
10,0,16,0.992380338673801
10,0,16.3333333333333,0.976508866399433
10,0,16.6666666666667,0.960872100988507
10,0,17,0.945470178343313
10,0,17.3333333333333,0.930303283464429
10,0,17.6666666666667,0.913628055742677
10,0,18,0.897193805772691
10,0,18.3333333333333,0.881078383311516
10,0,18.6666666666667,0.865281507829852
10,0,19,0.849802895396745
10,0,19.3333333333333,0.834642258679603
10,0,19.6666666666667,0.819799306944174
10,0,20,0.805273746054565
10,0,20.3333333333333,0.791065278473235
10,0,20.6666666666667,0.777173603260993
10,0,21,0.763598416077001
10,0,21.3333333333333,0.749650156989366
10,0,21.6666666666667,0.735855691407333
10,0,22,0.722384083867188
10,0,22.3333333333333,0.709932869642042
10,0,22.6666666666667,0.701187231689299
10,0,23,0.692509859687074
10,0,23.3333333333333,0.683900552886161
10,0,23.6666666666667,0.675359125773047
10,0,24,0.666885408069903
10,0,24.3333333333333,0.658479244734597
10,0,24.6666666666667,0.650140495960686
10,0,25,0.641869037177416
10,0,25.3333333333333,0.633664759049726
10,0,25.6666666666667,0.625527567478247
10,0,26,0.617457383599295
10,0,26.3333333333333,0.609454143784886
10,0,26.6666666666667,0.601517799642719
10,0,27,0.593648318016187
10,0,27.3333333333333,0.585845680984376
10,0,27.6666666666667,0.578034483114585
10,0,28,0.570019837601383
10,0,28.3333333333333,0.562103777836113
10,0,28.6666666666667,0.554286177390066
10,0,29,0.546566918219694
10,0,29.3333333333333,0.538945890666608
10,0,29.6666666666667,0.532871740057966
10,0,30,0.528845123431101
10,0,30.3333333333333,0.52459847616767
10,0,30.6666666666667,0.519783003161073
10,0,31,0.514987068453705
10,0,31.3333333333333,0.510210657771402
10,0,31.6666666666667,0.505453760501029
10,0,32,0.500716369690479
10,0,32.3333333333333,0.495998482048676
10,0,32.6666666666667,0.491300097945572
10,0,33,0.486621221412149
10,0,33.3333333333333,0.481961860140415
10,0,33.6666666666667,0.477322025483414
10,0,34,0.472701732455214
10,0,34.3333333333333,0.468100999730911
10,0,34.6666666666667,0.463519849646636
10,0,35,0.458968601098507
10,0,35.3333333333333,0.45444359014845
10,0,35.6666666666667,0.449943379810959
10,0,36,0.445467992510868
10,0,36.3333333333333,0.441017452358924
10,0,36.6666666666667,0.436591785151785
10,0,37,0.432191018372019
10,0,37.3333333333333,0.427815181188103
10,0,37.6666666666667,0.423464304454431
10,0,38,0.419138420711305
10,0,38.3333333333333,0.414837564184936
10,0,38.6666666666667,0.410561770787448
10,0,39,0.406311078116877
10,0,39.3333333333333,0.402707845631986
10,0,39.6666666666667,0.399402861354427
10,0,40,0.396111397815722
10,0,40.3333333333333,0.392833399210356
10,0,40.6666666666667,0.389568809459658
10,0,41,0.3863175722118
10,0,41.3333333333333,0.3830796308418
10,0,41.6666666666667,0.37987626617933
10,0,42,0.376799569193817
10,0,42.3333333333333,0.373727452337806
10,0,42.6666666666667,0.371101128163038
10,0,43,0.368515701745694
10,0,43.3333333333333,0.365932924598877
10,0,43.6666666666667,0.363352797360476
10,0,44,0.360775321615307
10,0,44.3333333333333,0.358200499895119
10,0,44.6666666666667,0.355628335678588
10,0,45,0.35305883339132
10,0,45.3333333333333,0.350491998405852
10,0,45.6666666666667,0.347927837041647
10,0,46,0.3453663565651
10,0,46.3333333333333,0.342807565189536
10,0,46.6666666666667,0.340251472075206
10,0,47,0.337698087329294
10,0,47.3333333333333,0.335147422005912
10,0,47.6666666666667,0.3325994881061
10,0,48,0.330054298577829
10,0,48.3333333333333,0.327511867316001
10,0,48.6666666666667,0.325250733225989
10,0,49,0.323126700285138
10,0,49.3333333333333,0.321015270573356
10,0,49.6666666666667,0.318916433400515
10,0,50,0.316830178162435
10,0,50.3333333333333,0.314756494340896
10,0,50.6666666666667,0.312714263813975
10,0,51,0.310715137952184
10,0,51.3333333333333,0.308728328902293
10,0,51.6666666666667,0.306753823400054
10,0,52,0.30479160831896
10,0,52.3333333333333,0.302841670670243
10,0,52.6666666666667,0.300903997602875
10,0,53,0.298978576403574
10,0,53.3333333333333,0.297065394496794
10,0,53.6666666666667,0.295164439444732
10,0,54,0.293375333762287
10,0,54.3333333333333,0.29164868571756
10,0,54.6666666666667,0.289930831091071
10,0,55,0.288221778744951
10,0,55.3333333333333,0.28652153826696
10,0,55.6666666666667,0.284830119970483
10,0,56,0.283147534894534
10,0,56.3333333333333,0.281473794803755
10,0,56.6666666666667,0.279808912188414
10,0,57,0.278152900264406
10,0,57.3333333333333,0.276505772973254
10,0,57.6666666666667,0.274867544982107
10,0,58,0.273238231683743
10,0,58.3333333333333,0.271617849196566
10,0,58.6666666666667,0.27000641436461
10,0,59,0.268403944757531
10,0,59.3333333333333,0.266810458670617
10,0,59.6666666666667,0.265239365468725
10,0,60,0.263933840446398
10,0,60.3333333333333,0.262655843981767
10,0,60.6666666666667,0.261382826892803
10,0,61,0.260114788526191
10,0,61.3333333333333,0.258851728267193
10,0,61.6666666666667,0.257593645539642
10,0,62,0.256340539805948
10,0,62.3333333333333,0.255092410567089
10,0,62.6666666666667,0.253849257362622
10,0,63,0.252611079770673
10,0,63.3333333333333,0.251377877407945
10,0,63.6666666666667,0.250149649929711
10,0,64,0.248926397029821
10,0,64.3333333333333,0.247708118440696
10,0,64.6666666666667,0.246494813933332
10,0,65,0.245286483317297
10,0,65.3333333333333,0.244083126440732
10,0,65.6666666666667,0.242884743190355
10,0,66,0.241691333491452
10,0,66.3333333333333,0.240493993388632
10,0,66.6666666666667,0.239205901968518
10,0,67,0.237928845566942
10,0,67.3333333333333,0.236662820205549
10,0,67.6666666666667,0.23540782235012
10,0,68,0.234163848910573
10,0,68.3333333333333,0.232930897240962
10,0,68.6666666666667,0.231708965139476
10,0,69,0.230498050848441
10,0,69.3333333333333,0.229298153054318
10,0,69.6666666666667,0.228109270887707
10,0,70,0.22693140392334
10,0,70.3333333333333,0.225764552180089
10,0,70.6666666666667,0.224608716120959
10,0,71,0.223463896653093
10,0,71.3333333333333,0.222420707166679
10,0,71.6666666666667,0.221412151025647
10,0,72,0.220402574560365
10,0,72.3333333333333,0.219391979546355
10,0,72.6666666666667,0.218380367799438
10,0,73,0.21736774117573
10,0,73.3333333333333,0.216354101571642
10,0,73.6666666666667,0.215339450923885
10,0,74,0.214323791209466
10,0,74.3333333333333,0.213307124445687
10,0,74.6666666666667,0.212289452690148
10,0,75,0.211393563338262
10,0,75.3333333333333,0.210542748029098
10,0,75.6666666666667,0.209695970947732
10,0,76,0.208853231350629
10,0,76.3333333333333,0.208014528538967
10,0,76.6666666666667,0.20717986185863
10,0,77,0.206349230700215
10,0,77.3333333333333,0.205522634499028
10,0,77.6666666666667,0.204700072735085
10,0,78,0.203881544933112
10,0,78.3333333333333,0.203067050662547
10,0,78.6666666666667,0.202256589537536
10,0,79,0.201450161216936
10,0,79.3333333333333,0.200647765404314
10,0,79.6666666666667,0.199849401847947
10,0,80,0.199055070340823
10,0,80.3333333333333,0.198264770720638
10,0,80.6666666666667,0.197472505742854
10,0,81,0.196639400852253
10,0,81.3333333333333,0.195799769016045
10,0,81.6666666666667,0.194963732710062
10,0,82,0.194131291343922
10,0,82.3333333333333,0.193302444362735
10,0,82.6666666666667,0.192477191247099
10,0,83,0.191655531513101
10,0,83.3333333333333,0.190837464712318
10,0,83.6666666666667,0.190022990431814
10,0,84,0.189212108294145
10,0,84.3333333333333,0.188404817957355
10,0,84.6666666666667,0.187601119114977
10,0,85,0.186801011496034
10,0,85.3333333333333,0.186004494865037
10,0,85.6666666666667,0.185211569021986
10,0,86,0.184447501919809
10,0,86.3333333333333,0.183758343061915
10,0,86.6666666666667,0.18307074928716
10,0,87,0.1823847196478
10,0,87.3333333333333,0.181700253196063
10,0,87.6666666666667,0.181017348984147
10,0,88,0.180336006064222
10,0,88.3333333333333,0.179656223488428
10,0,88.6666666666667,0.178978000308874
10,0,89,0.178301335577644
10,0,89.3333333333333,0.177626228346788
10,0,89.6666666666667,0.17695267766833
10,0,90,0.176280682594263
10,0,90.3333333333333,0.17564482475188
10,0,90.6666666666667,0.175026547774268
10,0,91,0.174411013452725
10,0,91.3333333333333,0.173798221385819
10,0,91.6666666666667,0.173188171173789
10,0,92,0.172580862418546
10,0,92.3333333333333,0.17197629472367
10,0,92.6666666666667,0.171374467694411
10,0,93,0.170775380937689
10,0,93.3333333333333,0.170179034062097
10,0,93.6666666666667,0.169585426677896
10,0,94,0.168994558397017
10,0,94.3333333333333,0.168406428833065
10,0,94.6666666666667,0.16782103760131
10,0,95,0.167238384318699
10,0,95.3333333333333,0.166658468603843
10,0,95.6666666666667,0.166081290077027
10,0,96,0.165506848360205
10,0,96.3333333333333,0.164935143077004
10,0,96.6666666666667,0.164366173852718
10,0,97,0.163799940314313
10,0,97.3333333333333,0.163236442090425
10,0,97.6666666666667,0.162675678811362
10,0,98,0.1621176501091
10,0,98.3333333333333,0.161562355617287
10,0,98.6666666666667,0.16100979497124
10,0,99,0.160459967807949
10,0,99.3333333333333,0.159912873766071
10,0,99.6666666666667,0.159368512485937
10,0,100,0.158826883609545
