"t_sample [ms]","InputCurrent(winding_a) [A]","InputCurrent(winding_b) [A]","InputCurrent(winding_c) [A]"
0,1.37772764904078E-16,0,0
5,-0.695288237343634,0,0
10,-1.32251681765807,0,0
15,-1.82028823734363,0,0
20,-2.13987716166408,0,0
25,-2.25,0,0
30,-2.1398771616641,0,0
35,-1.82028823734362,0,0
40,-1.32251681765806,0,0
45,-0.695288237343627,0,0
50,-4.13318294712232E-16,0,0
55,0.695288237343626,0,0
60,1.32251681765807,0,0
65,1.82028823734364,0,0
70,2.13987716166408,0,0
75,2.25,0,0
80,2.1398771616641,0,0
85,1.82028823734363,0,0
90,1.32251681765806,0,0
95,0.695288237343638,0,0
100,6.88863824520387E-16,0,0
