"Distance [mm]","Mag_B [uTesla]"
0,399.245579640024
1,398.7424646682
2,398.3633193522
3,398.108133800526
4,397.976962696709
5,397.969925299307
6,398.050504411306
7,398.129451761059
8,398.23239641726
9,398.358629567907
10,398.478206548251
11,398.588955520051
12,398.699329660349
13,398.809320860937
14,398.918922217613
15,399.02812803018
16,399.136933802449
17,399.2256276519
18,399.28466363877
19,399.308287079102
20,399.307167477938
21,399.291226121047
22,399.179928718717
23,398.991439033973
24,398.964536133268
25,398.940594467173
26,398.91959045972
27,398.901505074503
28,398.886323814672
29,398.917016912137
30,398.962282848837
31,398.981652902753
32,398.97512829158
33,398.980128043674
34,399.073518037009
35,399.172893195137
36,399.278233519927
37,399.389520934441
38,399.498111931047
39,399.402818073578
40,399.184970097897
41,399.021242165498
42,398.710330208295
43,398.567122311878
44,398.826974421275
45,399.030591806235
46,399.178019691058
47,399.269339382732
48,399.304668270935
49,399.284159828034
50,399.070790586777
51,398.853497248032
52,398.772687518821
53,398.962643597066
54,399.205214002501
55,399.201485470799
56,398.745109227844
57,398.388488375151
58,398.131565120099
59,398.0503220708
60,398.29469597597
61,398.518405675733
62,398.721443472504
63,398.903803941016
64,399.065483928325
65,399.2064825538
66,399.326801209133
67,399.426443558336
68,399.505415537734
69,399.563725355976
70,399.659997807342
71,399.687122475626
72,399.681430321082
73,399.688964165989
74,399.70333038524
75,399.724528449737
76,399.752558004826
77,399.787418870295
78,399.829111040378
79,399.877634683751
80,399.873970431251
81,399.695754900561
82,399.551219210068
83,399.440368271416
84,399.363207617598
85,399.319743402952
86,399.095067095205
87,398.996702309448
88,399.186993093527
89,399.257003611034
90,399.318876392207
91,399.37261172887
92,399.418211280598
93,399.370200945578
94,399.366584387147
95,399.37537394192
96,399.378140452766
97,399.37488506154
98,399.365608987643
99,399.350313528035
100,399.329000057221
101,399.301670027257
102,399.268324967752
103,399.228966485864
104,399.213663155026
105,399.20592496542
106,399.200301484191
107,399.196791995248
108,399.195395844852
109,399.196112441624
110,399.198941256537
111,399.203881822924
112,399.21093373647
113,399.220096655221
114,399.231370299574
115,399.244754452283
116,399.261236483539
117,399.280144343762
118,399.210998811759
119,399.195099840786
120,399.186184519879
121,399.10844504589
122,399.026756967444
123,398.946134537219
124,398.866453049838
125,398.811590725311
126,398.862312307552
127,398.930955865947
128,398.96919815643
129,398.976796909375
130,398.94732954428
131,398.879942999913
132,398.774628135095
133,398.682144533315
134,398.503187342768
135,398.250041234763
136,398.111311461295
137,397.971248430857
138,397.829865045457
139,397.687175813516
140,397.66230531899
141,397.758588717437
142,397.858780043434
143,397.962851194623
144,398.070779706436
145,398.182548752099
146,398.298147142627
147,398.417569326828
148,398.557257466274
149,398.741471976007
150,398.753116344121
151,398.789588187138
152,398.861027014305
153,398.947328382665
154,399.031382818435
155,399.113186380065
156,399.192735563544
157,399.270027302396
158,399.345058967685
159,399.417828368017
160,399.488333749531
161,399.556573795905
162,399.622547628361
163,399.535584996843
164,399.424974549917
165,399.313689770624
166,399.201727272586
167,399.08908470406
168,399.030014921992
169,399.010982674165
170,398.986703936875
171,398.964670367003
172,398.944882193162
173,398.927339675693
174,398.899850614004
175,398.931861510365
176,398.914926086296
177,398.887363219334
178,398.846165499173
179,398.740459510903
180,398.854237924421
181,398.877980347047
182,399.012700432656
183,399.167470043069
184,399.322004488695
185,399.091059284345
186,399.205682591523
187,399.311395229275
188,399.408167598914
189,399.446994429361
190,399.385371844487
191,399.320266631559
192,399.256697643133
193,399.194671994485
194,399.134199699057
195,399.075293668463
196,399.070672926844
197,399.076931435737
198,399.006370748323
199,398.924144125265
200,398.867184412023
201,398.818313256075
202,398.777536552672
203,398.744862258207
204,398.720300390216
205,398.703863027379
206,398.695564309519
207,398.695420437601
208,398.699454913378
209,398.673095225628
210,398.664282464225
211,398.6733372082
212,398.700249504152
213,398.745011247248
214,398.807616181222
215,398.898089692309
216,398.940720293561
217,398.954413912584
218,398.972341024826
219,398.994502304403
220,399.020898772171
221,399.051531795716
222,399.086403089365
223,399.128757498285
224,399.17686163011
225,399.224501003308
226,399.307005551429
227,399.393876725163
228,399.488144957228
229,399.573738012514
230,399.645953929589
231,399.705463487606
232,399.754748008642
233,399.793809922062
234,399.822652228893
235,399.841278501815
236,399.849692885165
237,399.847900094939
238,399.835905418787
239,399.813714716016
240,399.781334417589
241,399.681690350162
242,399.32414130511
243,398.959142607476
244,398.629192180348
245,397.989671982302
246,397.3734946145
247,396.799310979292
248,397.067434982512
249,397.353679949566
250,397.302717662368
251,397.188863663106
252,396.836810104424
253,396.286863610536
254,396.417667504168
255,396.711775327331
256,397.005961122257
257,397.300131765729
258,397.594216505757
259,397.982743045516
260,398.50577497969
261,398.632837247332
262,398.753128233611
263,398.819506507958
264,398.83182564088
265,398.789968071261
266,398.693845106363
267,398.55516397782
268,398.422146399455
269,398.27180450386
270,398.292158024621
271,398.338015719205
272,398.408418125719
273,398.5025776803
274,398.619878717116
275,398.759877468369
276,398.922302064289
277,399.107052533141
278,399.334819914573
279,399.231366224049
280,399.214384090771
281,399.226350729619
282,399.250614378518
283,399.288234358192
284,399.335471213459
285,399.392315772254
286,399.458772321992
287,399.487064997504
288,399.467637832193
289,399.432214102054
290,399.420792827133
291,399.392293331776
292,399.378845013499
293,399.389408564778
294,399.410485328735
295,399.381636465654
296,399.348595667387
297,399.311361678265
298,399.268597479325
299,399.220635144187
300,399.17069133966
301,399.118759929961
302,399.06483586565
303,399.008915183629
304,398.950995007143
305,398.891551950815
306,398.864974991188
307,398.833747315546
308,398.839543702619
309,398.83380710895
310,398.816537761151
311,398.787735942046
312,398.879534086996
313,398.905548503095
314,398.862441666448
315,398.823857147713
316,398.789795955436
317,398.792800619013
318,398.803569548883
319,398.813010348057
320,398.799757080813
321,398.713125056967
322,398.666777707906
323,398.612246275816
324,398.588350095887
325,398.594049294999
326,398.629348848844
327,398.677783045391
328,398.697594723749
329,398.718006309576
330,398.739013885191
331,398.760614675194
332,398.782807046463
333,398.874302278131
334,398.956606972602
335,399.031889223679
336,399.106331307181
337,399.179926869945
338,399.212867657329
339,398.940513215747
340,399.102998950837
341,399.333687220536
342,399.619782803739
343,399.652508245073
344,399.668044001525
345,399.666371553262
346,399.6474790965
347,399.611361543502
348,399.558020522585
349,399.487464378114
350,399.392524561559
351,399.21486808187
352,399.128001987665
353,399.136420093587
354,399.125304567239
355,399.060449733888
356,399.004549730608
357,398.957590526586
358,398.919561700669
359,398.890456441376
360,398.857536309655
361,398.824891270861
362,398.931112964005
363,398.87489482362
364,398.835083558715
365,398.811678653788
366,398.804680497884
367,398.814090384601
368,398.823999100512
369,398.814722927074
370,398.801253250952
371,398.786160346147
372,398.773396423333
373,398.762954827014
374,398.754830006763
375,398.749017517231
376,398.74551401814
377,398.742464420177
378,398.739246688389
379,398.737466207786
380,398.656751400615
381,398.632606314676
382,398.611304158727
383,398.592844320867
384,398.577226225886
385,398.564449335265
386,398.554513147174
387,398.547417196478
388,398.54316105473
389,398.538517314607
390,398.534665592666
391,398.533438785072
392,398.543196456013
393,398.518546436206
394,398.497603958328
395,398.484312810466
396,398.478670015604
397,398.485375585311
398,398.500162706079
399,398.522237549615
400,398.584173085026
401,398.691184514524
402,398.793863203433
403,398.900187006481
404,398.996511384989
405,399.08066923526
406,399.156590107207
407,399.226123341099
408,399.291056472017
409,399.351393321552
410,399.412465121298
411,399.514771202197
412,399.61781361808
413,399.721591199297
414,399.82610308779
415,399.93134873709
416,400.037327912318
417,400.151179304258
418,400.271698244892
419,400.36228066621
420,400.315209493529
421,400.264979606652
422,400.211590876566
423,400.163122679221
424,400.173302795166
425,400.185074607603
426,400.299372960955
427,400.288987505883
428,400.259553105285
429,400.21102858534
430,400.143388948932
431,400.05440549195
432,399.985915069299
433,399.971870838471
434,399.948712296657
435,400.021889152017
436,399.870295709285
437,399.736041887936
438,399.647964837692
439,399.566134615145
440,399.649317763189
441,399.834860130297
442,399.849932699519
443,399.849808682322
444,399.84861269845
445,399.845665402145
446,399.840979046246
447,399.729916059923
448,399.710211917575
449,399.738771614824
450,399.772418373343
451,399.812657591352
452,399.855889553768
453,399.902115156611
454,399.951335987381
455,400.00355432507
456,400.05877314015
457,400.116996094579
458,400.190463110427
459,400.23079615867
460,400.145446174048
461,400.040967216654
462,399.998887295827
463,399.948940715736
464,399.891130578397
465,399.825460405067
466,399.75193413624
467,399.693507762105
468,399.656136476246
469,399.639443274647
470,399.643427394472
471,399.668088242077
472,399.713425392998
473,399.779438591964
474,399.881274548844
475,400.0236282007
476,399.883614453115
477,399.726744663644
478,399.696428885376
479,399.685025333416
480,399.687302710715
481,399.647435882335
482,399.607821963942
483,399.568451918845
484,399.529317680319
485,399.490412151609
486,399.451729205927
487,399.413263686456
488,399.372149902699
489,399.326282938053
490,399.279579037888
491,399.270296075723
492,399.198131420585
493,399.138357412904
494,399.090949242069
495,399.055888619665
496,399.033163779467
497,399.022769477449
498,399.024706991776
499,399.038984122807
500,399.065615193098
