Time [ms],Force_x [N],Force_y [N],current_a [A],current_b [A],current_c [A]
0.0,-0.0699530140641682,0.00700204621012284,1.37772764904077e-13,0.0,0.0
5.0,-0.0680417839635361,0.603970785795536,-695.288237343631,0.0,0.0
10.0,-0.0663166560503244,1.14146750641424,-1322.5168176580598,0.0,0.0
15.0,-0.064947130607911,1.56732792563214,-1820.28823734363,0.0,0.0
20.0,-0.0640675934527235,1.84042083783881,-2139.8771616640897,0.0,0.0
25.0,-0.0637644803475549,1.93446312961579,-2250.0,0.0,0.0
30.0,-0.0640675934526166,1.84042083783858,-2139.8771616640897,0.0,0.0
35.0,-0.0649474144721207,1.56732841015663,-1820.28823734363,0.0,0.0
40.0,-0.0663166560503353,1.1414675064142,-1322.5168176580598,0.0,0.0
45.0,-0.0680416923591315,0.603970618977307,-695.288237343632,0.0,0.0
50.0,-0.0699530158658304,0.00700205933072813,-4.13318294712232e-13,0.0,0.0
55.0,-0.0718634768913074,-0.591174238713926,695.288237343631,0.0,0.0
60.0,-0.0735861220530296,-1.13183311239548,1322.5168176580598,0.0,0.0
65.0,-0.0749526918780919,-1.561601961633,1820.28823734363,0.0,0.0
70.0,-0.0758298373592745,-1.83785686104827,2139.8771616640897,0.0,0.0
75.0,-0.0761316248469985,-1.93310758973203,2250.0,0.0,0.0
80.0,-0.0758294443650522,-1.83785749480732,2139.8771616640897,0.0,0.0
85.0,-0.074952691878191,-1.56160196163291,1820.28823734363,0.0,0.0
90.0,-0.0735861220529021,-1.13183311239547,1322.5168176580598,0.0,0.0
95.0,-0.0718634768912924,-0.59117423871393,695.288237343632,0.0,0.0
100.0,-0.0699530412919686,0.0070020757351564,6.888638245203859e-13,0.0,0.0
