current_A,Force_mag_N,Force_x_N,Force_y_N,Force_z_N
0.0,0.24991250513543972,0.117793703100931,0.200034268177332,-0.0925591448080638
-50.00000000000004,2.2121113230048914,0.224526484595852,2.19991066872994,-0.0584586408469101
-100.00000000000009,3.9920020540800447,0.0919735594549858,3.9909410061697,0.00333907377259214
-150.0000000000001,6.021293703601076,0.210615276886713,6.01709274140806,-0.0788290014038463
-200.00000000000017,8.464891624352262,0.203914382013173,8.46236876578178,0.0335262398460343
-250.00000000000023,10.252197978334877,0.315033273777991,10.2465468630758,0.128820829751812
-300.0000000000002,12.219681656465895,0.314305052227012,12.2149559525266,0.129163452062384
-350.0000000000003,13.999358487198872,-0.10137280027568,13.998899227276,0.0508137092009367
-400.00000000000034,16.379208032978816,0.232924423082415,16.3775129860133,0.0356425826115734
-450.0000000000004,18.173784526490355,-0.300788596391353,18.1712760224791,0.0264187520018954
-500.00000000000045,20.536079937599727,0.132287696251524,20.5355105221616,0.0767252441938864
