"Freq [Hz]","Phase [deg]","Distance [mm]","Mag_B [mTesla]"
10,0,0,0.050872325144162
10,0,0.333333333333333,0.0971410892207279
10,0,0.666666666666667,0.349841904022159
10,0,1,0.786317350307535
10,0,1.33333333333333,1.10263172210857
10,0,1.66666666666667,1.38932555101396
10,0,2,1.66126228799957
10,0,2.33333333333333,1.93130533236362
10,0,2.66666666666667,2.21249519343389
10,0,3,2.49237491567581
10,0,3.33333333333333,2.7627450115361
10,0,3.66666666666667,3.04427221757074
10,0,4,3.32661058373881
10,0,4.33333333333333,3.60896876288483
10,0,4.66666666666667,3.89088934826826
10,0,5,4.17210113263151
10,0,5.33333333333333,3.46543828914237
10,0,5.66666666666667,3.34942139819185
10,0,6,3.23645469091363
10,0,6.33333333333333,3.12653757848054
10,0,6.66666666666667,3.01966948956343
10,0,7,2.91584987033106
10,0,7.33333333333333,2.81507818445019
10,0,7.66666666666667,2.71735391308551
10,0,8,2.62267655489966
10,0,8.33333333333333,2.53104562605327
10,0,8.66666666666667,2.44246066020491
10,0,9,2.35692120851112
10,0,9.33333333333333,2.27442683962639
10,0,9.66666666666667,2.19497713970316
10,0,10,2.11857171239185
10,0,10.3333333333333,2.04521017884082
10,0,10.6666666666667,1.97489217769641
10,0,11,1.90761736510289
10,0,11.3333333333333,1.84338541470252
10,0,11.6666666666667,1.7821960176355
10,0,12,1.72404888253999
10,0,12.3333333333333,1.66894373555211
10,0,12.6666666666667,1.61688032030594
10,0,13,1.56785839793353
10,0,13.3333333333333,1.52187774706486
10,0,13.6666666666667,1.47893816382791
10,0,14,1.44576987144279
10,0,14.3333333333333,1.41611639362897
10,0,14.6666666666667,1.38647607391015
10,0,15,1.35719194912799
10,0,15.3333333333333,1.32826384584968
10,0,15.6666666666667,1.2996916014251
10,0,16,1.27147506398685
10,0,16.3333333333333,1.24361409245019
10,0,16.6666666666667,1.21610855651307
10,0,17,1.19524221538661
10,0,17.3333333333333,1.17474353177934
10,0,17.6666666666667,1.1545451803776
10,0,18,1.13464700753162
10,0,18.3333333333333,1.11504886842058
10,0,18.6666666666667,1.09575062705253
10,0,19,1.07675215626449
10,0,19.3333333333333,1.05805333772236
10,0,19.6666666666667,1.03965406192099
10,0,20,1.02155422818414
10,0,20.3333333333333,1.00375374466447
10,0,20.6666666666667,0.986252528343589
10,0,21,0.96905050503201
10,0,21.3333333333333,0.952147609369173
10,0,21.6666666666667,0.93554378482343
10,0,22,0.919238983692059
10,0,22.3333333333333,0.903233167101255
10,0,22.6666666666667,0.887526305006135
10,0,23,0.872118376190734
10,0,23.3333333333333,0.857009368268005
10,0,23.6666666666667,0.842199277679825
10,0,24,0.82768810969699
10,0,24.3333333333333,0.813475878419213
10,0,24.6666666666667,0.799562606775128
10,0,25,0.789226927934932
10,0,25.3333333333333,0.780020206405804
10,0,25.6666666666667,0.77101422453027
10,0,26,0.762120052045791
10,0,26.3333333333333,0.753012319787014
10,0,26.6666666666667,0.744021848470917
10,0,27,0.735147485072786
10,0,27.3333333333333,0.726388076885272
10,0,27.6666666666667,0.717891316566473
10,0,28,0.711492134101596
10,0,28.3333333333333,0.705120028861715
10,0,28.6666666666667,0.698774979258619
10,0,29,0.692456965489139
10,0,29.3333333333333,0.68616596953515
10,0,29.6666666666667,0.679901975163571
10,0,30,0.673664967926366
10,0,30.3333333333333,0.667454935160541
10,0,30.6666666666667,0.661271865988149
10,0,31,0.655115751316284
10,0,31.3333333333333,0.648986583837086
10,0,31.6666666666667,0.642884358027737
10,0,32,0.636809070150466
10,0,32.3333333333333,0.630760718252544
10,0,32.6666666666667,0.624739302166285
10,0,33,0.61874482350905
10,0,33.3333333333333,0.61277728568324
10,0,33.6666666666667,0.606836693876304
10,0,34,0.600923055060732
10,0,34.3333333333333,0.595036377994062
10,0,34.6666666666667,0.58917667321887
10,0,35,0.583343953062781
10,0,35.3333333333333,0.577538231638462
10,0,35.6666666666667,0.571759524843625
10,0,36,0.566007850361023
10,0,36.3333333333333,0.560283227658458
10,0,36.6666666666667,0.554585677988771
10,0,37,0.548896021959524
10,0,37.3333333333333,0.542911304290743
10,0,37.6666666666667,0.536967463575464
10,0,38,0.531064549680406
10,0,38.3333333333333,0.525202616887204
10,0,38.6666666666667,0.519381723892404
10,0,39,0.513601933807472
10,0,39.3333333333333,0.507863314158786
10,0,39.6666666666667,0.502165936887639
10,0,40,0.49650987835024
10,0,40.3333333333333,0.490895219317714
10,0,40.6666666666667,0.486635559492644
10,0,41,0.482725354505551
10,0,41.3333333333333,0.478829027097451
10,0,41.6666666666667,0.475112379092116
10,0,42,0.471923194441693
10,0,42.3333333333333,0.468677031529977
10,0,42.6666666666667,0.465358788741132
10,0,43,0.462060164700877
10,0,43.3333333333333,0.458781157883422
10,0,43.6666666666667,0.45552176716189
10,0,44,0.452277007323332
10,0,44.3333333333333,0.449044601593681
10,0,44.6666666666667,0.44582876110122
10,0,45,0.442629485783385
10,0,45.3333333333333,0.439446775673555
10,0,45.6666666666667,0.436280630901053
10,0,46,0.433131051691139
10,0,46.3333333333333,0.429998038365021
10,0,46.6666666666667,0.426881591339847
10,0,47,0.423781711128707
10,0,47.3333333333333,0.420698398340637
10,0,47.6666666666667,0.417631653680612
10,0,48,0.414515484100146
10,0,48.3333333333333,0.411420356044716
10,0,48.6666666666667,0.408346317814957
10,0,49,0.405293370292806
10,0,49.3333333333333,0.402261514464146
10,0,49.6666666666667,0.399250751418804
10,0,50,0.396261082350548
10,0,50.3333333333333,0.393292508557098
10,0,50.6666666666667,0.390345031440111
10,0,51,0.387418652505192
10,0,51.3333333333333,0.384513373361891
10,0,51.6666666666667,0.381629195723699
10,0,52,0.378766121408056
10,0,52.3333333333333,0.375924152336341
10,0,52.6666666666667,0.373103290533885
10,0,53,0.37046408623557
10,0,53.3333333333333,0.368068074553055
10,0,53.6666666666667,0.365677814857559
10,0,54,0.363293296279514
10,0,54.3333333333333,0.360914508473542
10,0,54.6666666666667,0.358541441618448
10,0,55,0.356174086417221
10,0,55.3333333333333,0.35381243409704
10,0,55.6666666666667,0.351517367160876
10,0,56,0.349287625769215
10,0,56.3333333333333,0.347063025747545
10,0,56.6666666666667,0.344843555561552
10,0,57,0.342629204332058
10,0,57.3333333333333,0.340419961835012
10,0,57.6666666666667,0.338215818501499
10,0,58,0.336016765417737
10,0,58.3333333333333,0.333822794325074
10,0,58.6666666666667,0.331890463011643
10,0,59,0.329974985461052
10,0,59.3333333333333,0.328064379243703
10,0,59.6666666666667,0.326158640520627
10,0,60,0.324257765483742
10,0,60.3333333333333,0.322361750355853
10,0,60.6666666666667,0.320470591390653
10,0,61,0.318584284872723
10,0,61.3333333333333,0.31670282711753
10,0,61.6666666666667,0.314826214471432
10,0,62,0.312954443311672
10,0,62.3333333333333,0.311087510046381
10,0,62.6666666666667,0.309225411114578
10,0,63,0.30736814298617
10,0,63.3333333333333,0.305515702161952
10,0,63.6666666666667,0.303668085173604
10,0,64,0.301825288583698
10,0,64.3333333333333,0.299987308985689
10,0,64.6666666666667,0.298154143003924
10,0,65,0.296325787293633
10,0,65.3333333333333,0.294502238540939
10,0,65.6666666666667,0.292683493462848
10,0,66,0.290869548807257
10,0,66.3333333333333,0.289060401352948
10,0,66.6666666666667,0.287320234152454
10,0,67,0.285704475370982
10,0,67.3333333333333,0.284093860258998
10,0,67.6666666666667,0.282488391232729
10,0,68,0.280888070736436
10,0,68.3333333333333,0.279292901242418
10,0,68.6666666666667,0.277702885251005
10,0,69,0.276118025290563
10,0,69.3333333333333,0.274538323917493
10,0,69.6666666666667,0.272963783716228
10,0,70,0.271394407299239
10,0,70.3333333333333,0.269830197307028
10,0,70.6666666666667,0.268271156408134
10,0,71,0.266693061233827
10,0,71.3333333333333,0.265183496509069
10,0,71.6666666666667,0.263752589137189
10,0,72,0.26232621166435
10,0,72.3333333333333,0.260904364002537
10,0,72.6666666666667,0.259487046066826
10,0,73,0.258074257775378
10,0,73.3333333333333,0.256665999049445
10,0,73.6666666666667,0.255262269813368
10,0,74,0.253863069994575
10,0,74.3333333333333,0.252468399523583
10,0,74.6666666666667,0.251078258333996
10,0,75,0.249692646362511
10,0,75.3333333333333,0.248311563548907
10,0,75.6666666666667,0.246935009836057
10,0,76,0.245562985169918
10,0,76.3333333333333,0.24419548949954
10,0,76.6666666666667,0.242832522777059
10,0,77,0.241474084957699
10,0,77.3333333333333,0.240120175999774
10,0,77.6666666666667,0.238770795864686
10,0,78,0.237425944516923
10,0,78.3333333333333,0.236085621924067
10,0,78.6666666666667,0.234749828056782
10,0,79,0.233418562888826
10,0,79.3333333333333,0.232091826397042
10,0,79.6666666666667,0.230769618561364
10,0,80,0.229451939364811
10,0,80.3333333333333,0.228138788793494
10,0,80.6666666666667,0.226830166836611
10,0,81,0.225526073486448
10,0,81.3333333333333,0.22422650873838
10,0,81.6666666666667,0.222931472590872
10,0,82,0.221640965045474
10,0,82.3333333333333,0.220354986106829
10,0,82.6666666666667,0.219073535782663
10,0,83,0.217796352391865
10,0,83.3333333333333,0.21650991255041
10,0,83.6666666666667,0.215227995489814
10,0,84,0.213950601050947
10,0,84.3333333333333,0.212677729078713
10,0,84.6666666666667,0.211409379422044
10,0,85,0.210145551933906
10,0,85.3333333333333,0.20887349968526
10,0,85.6666666666667,0.207604438619004
10,0,86,0.206339401239768
10,0,86.3333333333333,0.205078387410196
10,0,86.6666666666667,0.203824926917864
10,0,87,0.202629421838947
10,0,87.3333333333333,0.201440245090152
10,0,87.6666666666667,0.200251626635813
10,0,88,0.199068652258931
10,0,88.3333333333333,0.197886653177703
10,0,88.6666666666667,0.196705629551766
10,0,89,0.195525581529923
10,0,89.3333333333333,0.19434650925014
10,0,89.6666666666667,0.193168412839547
10,0,90,0.191991292414438
10,0,90.3333333333333,0.190815148080269
10,0,90.6666666666667,0.189639979931664
10,0,91,0.188465788052406
10,0,91.3333333333333,0.187292572515445
10,0,91.6666666666667,0.186120333382894
10,0,92,0.18494907070603
10,0,92.3333333333333,0.183778784525292
10,0,92.6666666666667,0.182609474870287
10,0,93,0.181441141759782
10,0,93.3333333333333,0.180273785201708
10,0,93.6666666666667,0.179107405193162
10,0,94,0.177942001720405
10,0,94.3333333333333,0.176777416494005
10,0,94.6666666666667,0.17561049401773
10,0,95,0.174444505234168
10,0,95.3333333333333,0.173279450158508
10,0,95.6666666666667,0.172115328806889
10,0,96,0.170952141196394
10,0,96.3333333333333,0.169789887345055
10,0,96.6666666666667,0.16862856727185
10,0,97,0.167468330705
10,0,97.3333333333333,0.166310319820217
10,0,97.6666666666667,0.165153319180026
10,0,98,0.163997328904478
10,0,98.3333333333333,0.16284234913698
10,0,98.6666666666667,0.161688380044292
10,0,99,0.160535421816531
10,0,99.3333333333333,0.159383474667169
10,0,99.6666666666667,0.158232538833032
10,0,100,0.157082614574302
