angle [degree],torque line 1 [N.m],torque line 2 [N.m],torque line 3 [N.m],flux linkage [Wb],B-emf [V],total torque [N.m]
0.0,1.99588454194117,1.99552125719862,0.0044338457698031,0.000795868,-25.0204,3.9958396449095934
3.6,1.99163831351586,1.991864323816,0.0041835775931005,0.0259106,-25.114731999999997,3.98768621492496
7.2,1.98007054541586,1.97979433480782,0.0043937574107514,0.050931,-25.0204,3.9642586376344315
10.8,1.96015540780478,1.96005691013624,0.0040598512829996,0.075743,-24.81200000000001,3.9242721692240194
14.4,1.93333210230334,1.93332217201868,0.0040717395409447,0.10027,-24.526999999999994,3.8707260138629644
18.0,1.89797347811713,1.89780751623178,0.0042735098119463,0.124398,-24.127999999999997,3.8000545041608564
21.6,1.85600121162089,1.85550074814259,0.0041411901585644,0.148045,-23.647000000000016,3.715643149922044
25.2,1.80565435701225,1.80537241093272,0.0040951712061317,0.171104,-23.058999999999994,3.615121939151102
28.8,1.74869988411994,1.74870396358466,0.0037510343158075,0.193492,-22.38799999999999,3.5011548820204075
32.4,1.68489056421155,1.68492316724688,0.0036845381588326,0.215124,-21.632000000000012,3.3734982696172624
36.0,1.61459050732066,1.61445130348809,0.003552832434501,0.235905,-20.780999999999995,3.232594643243251
39.6,1.53736527971691,1.53782397967068,0.003333438927241,0.25576,-19.854999999999983,3.078522698314831
43.2,1.45460952258023,1.45475835772486,0.0030391894952883,0.274613,-18.85300000000001,2.912407069800378
46.8,1.36567104454017,1.36617017627427,0.0029650475410587,0.292378,-17.76500000000003,2.7348062683554986
50.4,1.27163351920109,1.27191108957466,0.0027143122544657,0.308994,-16.615999999999964,2.546258921030215
54.0,1.17251200019009,1.17317655591874,0.0022052172924276,0.324398,-15.404000000000028,2.3478937734012577
57.6,1.06943931928098,1.06934359872286,0.0023257518336769,0.338522,-14.12399999999997,2.141108669837517
61.2,0.961463365651865,0.961559381447524,0.0022266079568177,0.351313,-12.790999999999997,1.9252493550562066
64.8,0.849965792960062,0.849655191594452,0.0019966822711865,0.362724,-11.411000000000005,1.7016176668257006
68.4,0.734928272099668,0.734679799267374,0.0014545269460724,0.372704,-9.979999999999988,1.4710625983131145
72.0,0.616203671297362,0.6167287002567,0.0011842990472198,0.381215,-8.511000000000045,1.2341166706012818
75.6,0.496362686852688,0.496209691376152,0.0010251803556903,0.388222,-7.0069999999999855,0.9935975585845304
79.2,0.374125186426021,0.374909180828437,0.0007053778755754,0.393703,-5.481000000000013,0.7497397451300334
82.8,0.249861240813979,0.250220905516032,0.0007352013456788,0.397634,-3.9309999999999623,0.5008173476756899
86.4,0.125367187205204,0.12528280310904,0.000291134141731,0.400003,-2.36900000000001,0.250941124455975
90.0,0.0001443307372436,9.89855415595015e-05,3.83916325655293e-05,0.400789,-0.7860000000000089,0.0002817079113686308
93.6,-0.125776789343488,-0.125300030317006,-0.0003385584310701,0.400001,0.7880000000000109,-0.2514153780915641
97.2,-0.25016332562321,-0.250197382045629,-0.0006121621475734,0.397634,2.367000000000008,-0.5009728698164124
100.8,-0.374002285478384,-0.373936845803213,-0.0007450266599299,0.393706,3.927999999999987,-0.748684157941527
104.4,-0.495879646923867,-0.49619078154435,-0.0010842442793883,0.388222,5.483999999999988,-0.9931546727476052
108.0,-0.616272874605781,-0.616277050526925,-0.0013788593184826,0.381214,7.008000000000014,-1.2339287844511888
111.6,-0.734875077909764,-0.734615851061548,-0.0014488826852616,0.372701,8.512999999999993,-1.4709398116565737
115.2,-0.84958378898386,-0.849693632097884,-0.0018061708128837,0.362723,9.977999999999987,-1.7010835918946277
118.8,-0.961522949720777,-0.961131952724445,-0.0020462027112123,0.35131,11.413000000000006,-1.9247011051564342
122.4,-1.06921243577104,-1.06962616179257,-0.0022464205721149,0.338525,12.784999999999991,-2.141085018135725
126.0,-1.17303301658399,-1.17277427014619,-0.0023521885001314,0.324396,14.129000000000003,-2.348159475230311
129.6,-1.2721298918329,-1.27203753983972,-0.0026942105873343,0.308998,15.398000000000023,-2.5468616422599544
133.2,-1.36638535414688,-1.36586152249533,-0.0029517248081263,0.29238,16.61800000000002,-2.7351986014503367
136.8,-1.45446460683057,-1.45474001085324,-0.0030720002159363,0.274608,17.771999999999956,-2.912276617899746
140.4,-1.53797958556455,-1.53763231286232,-0.0032606198722245,0.255759,18.849000000000004,-3.078872518299095
144.0,-1.614553914549,-1.61474949439607,-0.0033220995029715,0.235909,19.850000000000005,-3.2326255084480415
147.6,-1.68441107316904,-1.68462201057349,-0.0035159042518893,0.215122,20.787,-3.3725489879944193
151.2,-1.74841576413114,-1.74884828394398,-0.0036813129031149,0.193496,21.626000000000005,-3.500945360978235
154.8,-1.80604581093651,-1.80597333677629,-0.0039903837163969,0.171104,22.391999999999996,-3.616009531429197
158.4,-1.85496465337241,-1.85536072429346,-0.0039494954114405,0.148045,23.058999999999994,-3.7142748730773105
162.0,-1.89797501768474,-1.89805677456602,-0.0043139231540248,0.124398,23.647000000000016,-3.8003457154047853
165.6,-1.93311567557101,-1.93304649409924,-0.003981499648119,0.100269,24.128999999999998,-3.870143669318369
169.2,-1.96024333941849,-1.96090219625123,-0.0042153162470865,0.0757493,24.51969999999999,-3.925360851916807
172.8,-1.98010293140746,-1.97982466005156,-0.0040860505957081,0.0509304,24.818900000000003,-3.964013642054728
176.4,-1.9917510503124,-1.99162765901197,-0.0041124259981275,0.0259142,25.0162,-3.9874911353224975
180.0,-1.99567564068509,-1.99590699733989,-0.0042665526481265,0.000797426,25.116773999999996,-3.9958491906731064
183.6,-1.99180815715584,-1.99168580848096,-0.0044316207791643,-0.0243195,25.116926,-3.9879255864159644
187.2,-1.97973980341065,-1.97969487901889,-0.0046449043093249,-0.0493391,25.019599999999997,-3.964079586738865
190.8,-1.96010039671667,-1.96029530875635,-0.0041878610663663,-0.0741573,24.818199999999997,-3.924583566539386
194.4,-1.93297000499928,-1.93262731884497,-0.0040203007444171,-0.0986811,24.523799999999998,-3.8696176245886673
198.0,-1.8977776362645,-1.89787396590284,-0.0042944054596679,-0.122811,24.12990000000001,-3.799946007627008
201.6,-1.85551858367548,-1.85556060716216,-0.0039700922646616,-0.146451,23.639999999999993,-3.715049283102301
205.2,-1.80578318779615,-1.80569553650231,-0.0038718779462762,-0.169513,23.061999999999998,-3.6153506022447366
208.8,-1.74864618653223,-1.74906090322403,-0.0037147576801602,-0.191901,22.38799999999999,-3.5014218474364207
212.4,-1.68456750169804,-1.68496551209809,-0.0035454164919935,-0.213533,21.632000000000012,-3.373078430288124
216.0,-1.6146036445188,-1.61447686401225,-0.0034547758872438,-0.234313,20.779999999999994,-3.2325352844182937
219.6,-1.53748323802912,-1.53782514451876,-0.0034401413584584,-0.254171,19.857999999999986,-3.078748523906339
223.2,-1.45472705492767,-1.45496947477288,-0.003126459386955,-0.273019,18.84800000000003,-2.9128229890875055
226.8,-1.36622448727525,-1.36655795845947,-0.0029015932074339,-0.290788,17.76899999999998,-2.735684038942154
230.4,-1.272584528478,-1.27219553374384,-0.0023722977236735,-0.307405,16.616999999999994,-2.5471523599455135
234.0,-1.17307288831219,-1.17302798013734,-0.0025009437450298,-0.32281,15.405000000000001,-2.3486018121945595
237.6,-1.06942697100515,-1.06976820752775,-0.0022176993335501,-0.336932,14.122000000000023,-2.14141287786645
241.2,-0.961454849063109,-0.96111283623674,-0.0021866053973087,-0.349723,12.790999999999997,-1.9247542906971578
244.8,-0.849271894141267,-0.849574719270952,-0.0021293044880032,-0.361131,11.407999999999973,-1.7009759179002222
248.4,-0.734566547170949,-0.734303851184063,-0.0017298679641787,-0.371114,9.98300000000002,-1.4706002663191906
252.0,-0.61668522801879,-0.61714101271616,-0.0013670803020921,-0.379623,8.508999999999988,-1.235193321037042
255.6,-0.49640923800578,-0.496288626221439,-0.0010746715840589,-0.38663,7.0069999999999855,-0.993772535811278
259.2,-0.37383500551465,-0.374261492694148,-0.0004909747947872,-0.392114,5.484000000000044,-0.7485874730035852
262.8,-0.250182481616082,-0.249895198684391,-0.0005614650773062,-0.396042,3.927999999999987,-0.5006391453777791
266.4,-0.125213032694531,-0.125029027018424,-0.0002568529643293,-0.398411,2.36900000000001,-0.2504989126772843
270.0,-0.0001410076310891,-0.0002871362326553,0.0001271163382092,-0.3992,0.7889999999999842,-0.0003010275255352
273.6,0.125577297349252,0.125326800739651,0.0001964412530426,-0.398407,-0.7929999999999882,0.2511005393419456
277.2,0.250055298709826,0.250059415837094,0.0004345089249595,-0.396041,-2.3660000000000347,0.5005492234718796
280.8,0.374006032078468,0.373903463277729,0.0008611022981723,-0.392116,-3.9249999999999563,0.7487705976543693
284.4,0.496183832102135,0.496254667773377,0.0012080516696453,-0.386631,-5.485000000000017,0.9936465515451574
288.0,0.616590267881702,0.616226951464665,0.0011521353219439,-0.379621,-7.010000000000016,1.233969354668311
291.6,0.734653469313588,0.734499625066122,0.0011982226817714,-0.371115,-8.506000000000013,1.4703513170614815
295.2,0.849819024619315,0.849070610872583,0.0021361421252391,-0.361129,-9.985999999999995,1.7010257776171371
298.8,0.961402002459203,0.961200698569126,0.0020354651016615,-0.34972,-11.409000000000002,1.9246381661299905
302.4,1.06902972322031,1.06908964769586,0.0022758887353542,-0.336931,-12.788999999999994,2.1403952596515246
306.0,1.17317351890138,1.17366650940045,0.0023244881525205,-0.322808,-14.122999999999996,2.3491645164543504
309.6,1.2720885817197,1.27185071343087,0.0026840320244502,-0.307408,-15.399999999999968,2.5466233271750203
313.2,1.36631383145424,1.36628401323589,0.0029954583916768,-0.290791,-16.616999999999994,2.735593303081807
316.8,1.45505285766166,1.45475963317931,0.0030810559486411,-0.273022,-17.769000000000034,2.9128935467896113
320.4,1.5375584333924,1.53788248680412,0.0033673905888066,-0.25417,-18.85199999999998,3.078808310785327
324.0,1.61441740870631,1.61447960360825,0.003539799004363,-0.234317,-19.85300000000001,3.232436811318923
327.6,1.68503234897231,1.68475031975627,0.0036438225901344,-0.213532,-20.784999999999997,3.3734264913187144
331.2,1.74895771230741,1.74909869139336,0.0038588964832553,-0.191905,-21.627000000000006,3.501915300184025
334.8,1.80606231199157,1.80566449942645,0.0040606867313241,-0.169515,-22.389999999999993,3.615787498149344
338.4,1.85568855313014,1.85550571085494,0.0039623809765852,-0.146453,-23.061999999999998,3.7151566449616653
342.0,1.89843391544608,1.89828326120595,0.0042381120923656,-0.122811,-23.641999999999996,3.8009552887443956
345.6,1.93300797763683,1.93285633364047,0.0039419415888456,-0.0986862,-24.1248,3.869806252866146
349.2,1.96023623217609,1.96005200655554,0.0042274031144297,-0.0741611,-24.52510000000001,3.92451564184606
352.8,1.97979900028288,1.97940655271746,0.0041854768076377,-0.0493402,-24.82089999999999,3.963391029807978
356.4,1.99161165488051,1.99213277417391,0.0042361803187087,-0.0243234,-25.016800000000003,3.9879806093731287
