"Freq [Hz]","Phase [deg]","ring_B []","ring_emf []","ring_current []"
10,0,-3.14155598049605E-08,4.80181998702722E-09,4.25021365879811E-06
10,5,-3.13031827978095E-08,-1.70333682598405E-07,-0.000154343867011986
10,10,-3.09525696681887E-08,-3.44172843008973E-07,-0.000311763297659434
10,15,-3.03663887937204E-08,-5.15392640266999E-07,-0.000466810021363868
10,20,-2.95491013648051E-08,-6.82689988330008E-07,-0.000618304038938125
10,25,-2.85069274322683E-08,-8.44791653362341E-07,-0.000765092389433877
10,30,-2.72477985690186E-08,-1.00046394381344E-06,-0.000906057924870622
10,35,-2.5781297505988E-08,-1.14852209955547E-06,-0.00104012781240637
10,40,-2.41185852017638E-08,-1.28783930862328E-06,-0.00116628169924336
10,45,-2.22723159009542E-08,-1.41735528293383E-06,-0.00128355947812896
10,50,-2.02565408277464E-08,-1.53608432771874E-06,-0.0013910685943516
10,55,-1.80866012476056E-08,-1.64312284325663E-06,-0.00148799083862104
10,60,-1.57790117109822E-08,-1.73765620181264E-06,-0.00157358857413514
10,65,-1.33513343676104E-08,-1.81896494744735E-06,-0.00164721035044131
10,70,-1.0822045307945E-08,-1.88643027151092E-06,-0.00170829586136782
10,75,-8.21039394895649E-09,-1.93953872215056E-06,-0.00175638020929208
10,80,-5.53625653444503E-09,-1.97788611198913E-06,-0.00179109744329226
10,85,-2.81998486482334E-09,-2.00118059423517E-06,-0.00181218334425478
10,90,-8.22514076269393E-11,-2.00924488381321E-06,-0.0018194774357413
10,95,2.65610803244627E-09,-2.00201760661019E-06,-0.00181292420531132
10,100,5.37425288659068E-09,-1.97955376656959E-06,-0.00179257352700535
10,105,8.05149643120552E-09,-1.94202432707815E-06,-0.00175858028177339
10,110,1.06674632263524E-08,-1.8897149098313E-06,-0.00171120317873732
10,115,1.32022441851564E-08,-1.82302362107957E-06,-0.00165080278625833
10,120,1.56365480939783E-08,-1.74245802179967E-06,-0.00157783878779394
10,125,1.79518484301992E-08,-1.64863126484895E-06,-0.00149286648342933
10,130,2.01305243602437E-08,-1.54225742850195E-06,-0.00139653256370839
10,135,2.21559948447639E-08,-1.42414608188356E-06,-0.00128957018792822
10,140,2.401284483036E-08,-1.29519612365912E-06,-0.00117279340435414
10,145,2.56869425674449E-08,-1.15638894087283E-06,-0.00104709095482091
10,150,2.71655471613916E-08,-1.00878093999977E-06,-0.000913419510870683
10,155,2.84374055384342E-08,-8.53495507054723E-07,-0.000772796392904954
10,160,2.94928380883545E-08,-6.91714457946312E-07,-0.000626291827761998
10,165,3.03238123321597E-08,-5.24669044144321E-07,-0.000475020803644428
10,170,3.09240040540988E-08,-3.5363058211256E-07,-0.00032013458438572
10,175,3.1288845432762E-08,-1.7990077782294E-07,-0.00016281194763729
10,180,3.14155598049605E-08,-4.80181998702747E-09,-4.25021365879833E-06
10,185,3.13031827978095E-08,1.70333682598404E-07,0.000154343867011986
10,190,3.09525696681887E-08,3.44172843008974E-07,0.000311763297659434
10,195,3.03663887937204E-08,5.15392640266999E-07,0.000466810021363868
10,200,2.95491013648051E-08,6.82689988330008E-07,0.000618304038938125
10,205,2.85069274322683E-08,8.4479165336234E-07,0.000765092389433877
10,210,2.72477985690186E-08,1.00046394381344E-06,0.000906057924870622
10,215,2.5781297505988E-08,1.14852209955547E-06,0.00104012781240637
10,220,2.41185852017638E-08,1.28783930862328E-06,0.00116628169924336
10,225,2.22723159009542E-08,1.41735528293383E-06,0.00128355947812896
10,230,2.02565408277464E-08,1.53608432771874E-06,0.0013910685943516
10,235,1.80866012476057E-08,1.64312284325663E-06,0.00148799083862104
10,240,1.57790117109822E-08,1.73765620181264E-06,0.00157358857413514
10,245,1.33513343676104E-08,1.81896494744735E-06,0.00164721035044131
10,250,1.0822045307945E-08,1.88643027151092E-06,0.00170829586136782
10,255,8.21039394895649E-09,1.93953872215056E-06,0.00175638020929208
10,260,5.53625653444503E-09,1.97788611198913E-06,0.00179109744329226
10,265,2.81998486482335E-09,2.00118059423517E-06,0.00181218334425478
10,270,8.22514076269431E-11,2.00924488381321E-06,0.0018194774357413
10,275,-2.65610803244626E-09,2.00201760661019E-06,0.00181292420531132
10,280,-5.37425288659067E-09,1.97955376656959E-06,0.00179257352700535
10,285,-8.0514964312055E-09,1.94202432707815E-06,0.00175858028177339
10,290,-1.06674632263524E-08,1.8897149098313E-06,0.00171120317873732
10,295,-1.32022441851564E-08,1.82302362107957E-06,0.00165080278625833
10,300,-1.56365480939783E-08,1.74245802179967E-06,0.00157783878779394
10,305,-1.79518484301991E-08,1.64863126484895E-06,0.00149286648342933
10,310,-2.01305243602437E-08,1.54225742850195E-06,0.00139653256370839
10,315,-2.21559948447639E-08,1.42414608188356E-06,0.00128957018792822
10,320,-2.401284483036E-08,1.29519612365912E-06,0.00117279340435414
10,325,-2.56869425674449E-08,1.15638894087283E-06,0.00104709095482091
10,330,-2.71655471613916E-08,1.00878093999977E-06,0.000913419510870684
10,335,-2.84374055384342E-08,8.53495507054722E-07,0.000772796392904953
10,340,-2.94928380883545E-08,6.91714457946312E-07,0.000626291827761997
10,345,-3.03238123321598E-08,5.2466904414432E-07,0.000475020803644427
10,350,-3.09240040540988E-08,3.5363058211256E-07,0.00032013458438572
10,355,-3.1288845432762E-08,1.7990077782294E-07,0.00016281194763729
10,360,-3.14155598049605E-08,4.80181998702772E-09,4.25021365879856E-06
